site_code,start_date,end_date,status,location_type,lat,long,land_use_start,land_use_end,land_use,land_use_changed,nlcd_code_start,nlcd_code_end,nlcd_code_latest,nlcd_code_2001,land_use_2001,nlcd_code_2006,land_use_2006,nlcd_code_2011,land_use_2011,nlcd_code_2016,land_use_2016,nlcd_code_2019,land_use_2019,nlcd_code_2021,land_use_2021
AA-17,2000-08-29,2016-05-03,Retired early,ESCA,33.45215242,-111.80062691,"Developed, low intensity","Developed, low intensity","Developed, low intensity",False,22,22,22,22,"Developed, low intensity",22,"Developed, low intensity",22,"Developed, low intensity",22,"Developed, low intensity",22,"Developed, low intensity",22,"Developed, low intensity"
AA-20,2000-08-18,2016-05-12,Retired early,ESCA,33.31575447,-111.82392055,"Developed, low intensity","Developed, low intensity","Developed, low intensity",False,22,22,22,22,"Developed, low intensity",22,"Developed, low intensity",22,"Developed, low intensity",22,"Developed, low intensity",22,"Developed, low intensity",22,"Developed, low intensity"
AB-19,2000-08-18,2025-05-02,Sampled to study end,ESCA,33.35162,-111.77364,"Developed, low intensity","Developed, low intensity","Developed, low intensity",False,22,22,22,22,"Developed, low intensity",22,"Developed, low intensity",22,"Developed, low intensity",22,"Developed, low intensity",22,"Developed, low intensity",22,"Developed, low intensity"
AC-16,2000-08-29,2016-05-03,Retired early,ESCA,33.47893705,-111.71943351,"Developed, low intensity","Developed, low intensity","Developed, low intensity",False,22,22,22,22,"Developed, low intensity",22,"Developed, low intensity",22,"Developed, low intensity",22,"Developed, low intensity",22,"Developed, low intensity",22,"Developed, low intensity"
AD-10,2000-08-03,2025-04-25,Sampled to study end,ESCA,33.67689447,-111.71140004,Shrub/scrub,Shrub/scrub,Shrub/scrub,False,52,52,52,52,Shrub/scrub,52,Shrub/scrub,52,Shrub/scrub,52,Shrub/scrub,52,Shrub/scrub,52,Shrub/scrub
AD-21,2000-08-18,2016-05-05,Retired early,ESCA,33.30702446,-111.70294153,"Developed, low intensity","Developed, low intensity","Developed, low intensity",False,22,22,22,22,"Developed, low intensity",22,"Developed, low intensity",22,"Developed, low intensity",22,"Developed, low intensity",22,"Developed, low intensity",22,"Developed, low intensity"
AE-23,2000-08-25,2025-04-30,Sampled to study end,ESCA,33.21869957,-111.62649983,"Developed, open space","Developed, open space","Developed, open space",False,21,21,21,21,"Developed, open space",21,"Developed, open space",21,"Developed, open space",21,"Developed, open space",21,"Developed, open space",21,"Developed, open space"
AF-12,2000-08-03,2025-04-25,Sampled to study end,ESCA,33.6102352,-111.62201023,Shrub/scrub,Shrub/scrub,Shrub/scrub,False,52,52,52,52,Shrub/scrub,52,Shrub/scrub,52,Shrub/scrub,52,Shrub/scrub,52,Shrub/scrub,52,Shrub/scrub
F-8,2000-11-16,2025-04-02,Sampled to study end,ESCA,33.75598493,-112.74192461,Shrub/scrub,Shrub/scrub,Shrub/scrub,False,52,52,52,52,Shrub/scrub,52,Shrub/scrub,52,Shrub/scrub,52,Shrub/scrub,52,Shrub/scrub,52,Shrub/scrub
G-15,2000-11-16,2025-03-31,Sampled to study end,ESCA,33.49892344,-112.67365342,Shrub/scrub,Shrub/scrub,Shrub/scrub,False,52,52,52,52,Shrub/scrub,52,Shrub/scrub,52,Shrub/scrub,52,Shrub/scrub,52,Shrub/scrub,52,Shrub/scrub
I-11,2000-10-25,2025-03-31,Sampled to study end,ESCA,33.65442124,-112.61775501,Shrub/scrub,Barren land,Barren land,True,52,31,31,52,Shrub/scrub,52,Shrub/scrub,52,Shrub/scrub,52,Shrub/scrub,52,Shrub/scrub,31,Barren land
I-17,2000-11-08,2025-03-31,Sampled to study end,ESCA,33.44059202,-112.57693338,Shrub/scrub,Shrub/scrub,Shrub/scrub,False,52,52,52,52,Shrub/scrub,52,Shrub/scrub,52,Shrub/scrub,52,Shrub/scrub,52,Shrub/scrub,52,Shrub/scrub
L-7,2000-10-24,2016-05-02,Retired early,ESCA,33.78130347,-112.45220396,Shrub/scrub,Shrub/scrub,Shrub/scrub,False,52,52,52,52,Shrub/scrub,52,Shrub/scrub,52,Shrub/scrub,52,Shrub/scrub,52,Shrub/scrub,52,Shrub/scrub
M-16,2000-11-08,2016-04-30,Retired early,ESCA,33.4826731750001,-112.444002161,"Developed, low intensity","Developed, low intensity","Developed, low intensity",False,22,22,22,22,"Developed, low intensity",22,"Developed, low intensity",22,"Developed, low intensity",22,"Developed, low intensity",22,"Developed, low intensity",22,"Developed, low intensity"
M-9,2000-10-24,2001-07-23,Retired early,ESCA,33.7231006287547,-112.440622368419,Shrub/scrub,Shrub/scrub,Shrub/scrub,False,52,52,52,52,Shrub/scrub,52,Shrub/scrub,52,Shrub/scrub,52,Shrub/scrub,52,Shrub/scrub,52,Shrub/scrub
N-12,2000-10-25,2025-04-02,Sampled to study end,ESCA,33.62205905,-112.37598673,Cultivated crops,"Developed, medium intensity","Developed, medium intensity",True,82,23,23,82,Cultivated crops,52,Shrub/scrub,23,"Developed, medium intensity",23,"Developed, medium intensity",23,"Developed, medium intensity",23,"Developed, medium intensity"
O-9,2000-10-24,2025-04-02,Sampled to study end,ESCA,33.70631712,-112.35713683,Shrub/scrub,Shrub/scrub,Shrub/scrub,False,52,52,52,52,Shrub/scrub,52,Shrub/scrub,52,Shrub/scrub,52,Shrub/scrub,52,Shrub/scrub,52,Shrub/scrub
P-16,2000-10-17,2025-04-07,Sampled to study end,ESCA,33.48209987,-112.30388325,"Developed, low intensity","Developed, low intensity","Developed, low intensity",False,22,22,22,22,"Developed, low intensity",22,"Developed, low intensity",22,"Developed, low intensity",22,"Developed, low intensity",22,"Developed, low intensity",22,"Developed, low intensity"
P-18,2000-10-17,2016-05-05,Retired early,ESCA,33.4117783,-112.29121618,Cultivated crops,Cultivated crops,Cultivated crops,False,82,82,82,82,Cultivated crops,82,Cultivated crops,82,Cultivated crops,82,Cultivated crops,82,Cultivated crops,82,Cultivated crops
Q-7,2000-10-26,2016-05-02,Retired early,ESCA,33.78404344,-112.25000446,Shrub/scrub,Shrub/scrub,Shrub/scrub,False,52,52,52,52,Shrub/scrub,52,Shrub/scrub,52,Shrub/scrub,52,Shrub/scrub,52,Shrub/scrub,52,Shrub/scrub
R-12,2000-10-05,2016-04-21,Retired early,ESCA,33.60711789,-112.1936152,"Developed, open space","Developed, open space","Developed, open space",False,21,21,21,21,"Developed, open space",21,"Developed, open space",21,"Developed, open space",21,"Developed, open space",21,"Developed, open space",21,"Developed, open space"
S-16,2000-10-12,2016-05-05,Retired early,ESCA,33.4667159,-112.14184589,"Developed, medium intensity","Developed, medium intensity","Developed, medium intensity",False,23,23,23,23,"Developed, medium intensity",23,"Developed, medium intensity",23,"Developed, medium intensity",23,"Developed, medium intensity",23,"Developed, medium intensity",23,"Developed, medium intensity"
T-11,2000-08-23,2025-04-03,Sampled to study end,ESCA,33.64816,-112.13335,"Developed, medium intensity","Developed, medium intensity","Developed, medium intensity",False,23,23,23,23,"Developed, medium intensity",23,"Developed, medium intensity",23,"Developed, medium intensity",23,"Developed, medium intensity",23,"Developed, medium intensity",23,"Developed, medium intensity"
T-13,2000-08-23,2025-04-02,Sampled to study end,ESCA,33.57299,-112.13908,"Developed, medium intensity","Developed, medium intensity","Developed, medium intensity",False,23,23,23,23,"Developed, medium intensity",23,"Developed, medium intensity",23,"Developed, medium intensity",23,"Developed, medium intensity",23,"Developed, medium intensity",23,"Developed, medium intensity"
T-19,2000-10-17,2025-04-15,Sampled to study end,ESCA,33.37853123,-112.12080379,Shrub/scrub,Shrub/scrub,Shrub/scrub,False,52,52,52,52,Shrub/scrub,52,Shrub/scrub,52,Shrub/scrub,52,Shrub/scrub,52,Shrub/scrub,52,Shrub/scrub
U-12,2000-08-23,2025-04-03,Sampled to study end,ESCA,33.62722,-112.07862,"Developed, low intensity","Developed, low intensity","Developed, low intensity",False,22,22,22,22,"Developed, low intensity",22,"Developed, low intensity",22,"Developed, low intensity",22,"Developed, low intensity",22,"Developed, low intensity",22,"Developed, low intensity"
U-13,2000-06-06,2025-04-03,Sampled to study end,ESCA,33.59796,-112.08335,Shrub/scrub,Shrub/scrub,Shrub/scrub,False,52,52,52,52,Shrub/scrub,52,Shrub/scrub,52,Shrub/scrub,52,Shrub/scrub,52,Shrub/scrub,52,Shrub/scrub
U-8,2000-10-26,2025-04-03,Sampled to study end,ESCA,33.7711,-112.0919,Shrub/scrub,Shrub/scrub,Shrub/scrub,False,52,52,52,52,Shrub/scrub,52,Shrub/scrub,52,Shrub/scrub,52,Shrub/scrub,52,Shrub/scrub,52,Shrub/scrub
V-13,2000-08-21,2016-04-19,Retired early,ESCA,33.58346223,-112.02280878,"Developed, high intensity","Developed, high intensity","Developed, high intensity",False,24,24,24,24,"Developed, high intensity",24,"Developed, high intensity",24,"Developed, high intensity",24,"Developed, high intensity",24,"Developed, high intensity",24,"Developed, high intensity"
V-14,2000-08-21,2025-04-04,Sampled to study end,ESCA,33.55222,-112.05477,"Developed, medium intensity","Developed, medium intensity","Developed, medium intensity",False,23,23,23,23,"Developed, medium intensity",23,"Developed, medium intensity",23,"Developed, medium intensity",23,"Developed, medium intensity",23,"Developed, medium intensity",23,"Developed, medium intensity"
V-16,2000-10-12,2016-05-02,Retired early,ESCA,33.4711342620001,-112.046812844,"Developed, medium intensity","Developed, medium intensity","Developed, medium intensity",False,23,23,23,23,"Developed, medium intensity",23,"Developed, medium intensity",23,"Developed, medium intensity",23,"Developed, medium intensity",23,"Developed, medium intensity",23,"Developed, medium intensity"
V-18,2000-10-17,2014-03-28,Retired early,ESCA,33.38786046,-112.02883017,"Developed, open space","Developed, open space","Developed, low intensity",True,21,21,22,21,"Developed, open space",21,"Developed, open space",21,"Developed, open space",21,"Developed, open space",22,"Developed, low intensity",22,"Developed, low intensity"
V-20,2000-10-26,2025-04-29,Sampled to study end,ESCA,33.32819623,-112.03228427,Shrub/scrub,Shrub/scrub,Shrub/scrub,False,52,52,52,52,Shrub/scrub,52,Shrub/scrub,52,Shrub/scrub,52,Shrub/scrub,52,Shrub/scrub,52,Shrub/scrub
W-15,2000-08-21,2025-04-24,Sampled to study end,ESCA,33.52388542,-111.99231927,"Developed, low intensity","Developed, low intensity","Developed, low intensity",False,22,22,22,22,"Developed, low intensity",22,"Developed, low intensity",22,"Developed, low intensity",22,"Developed, low intensity",22,"Developed, low intensity",22,"Developed, low intensity"
W-17,2000-08-09,2016-05-11,Retired early,ESCA,33.44471,-111.999657,"Developed, medium intensity","Developed, medium intensity","Developed, medium intensity",False,23,23,23,23,"Developed, medium intensity",23,"Developed, medium intensity",23,"Developed, medium intensity",23,"Developed, medium intensity",23,"Developed, medium intensity",23,"Developed, medium intensity"
W-6,2000-08-04,2016-05-04,Retired early,ESCA,33.82083085,-112.01090472,Shrub/scrub,Shrub/scrub,Shrub/scrub,False,52,52,52,52,Shrub/scrub,52,Shrub/scrub,52,Shrub/scrub,52,Shrub/scrub,52,Shrub/scrub,52,Shrub/scrub
X-18,2000-10-12,2016-04-19,Retired early,ESCA,33.41962662,-111.92893323,"Developed, medium intensity","Developed, medium intensity","Developed, medium intensity",False,23,23,23,23,"Developed, medium intensity",23,"Developed, medium intensity",23,"Developed, medium intensity",23,"Developed, medium intensity",23,"Developed, medium intensity",23,"Developed, medium intensity"
X-8,2000-08-04,2025-04-23,Sampled to study end,ESCA,33.7766713,-111.95039023,Shrub/scrub,"Developed, medium intensity","Developed, medium intensity",True,52,23,23,52,Shrub/scrub,52,Shrub/scrub,52,Shrub/scrub,23,"Developed, medium intensity",23,"Developed, medium intensity",23,"Developed, medium intensity"
Y-19,2000-08-18,2025-05-02,Sampled to study end,ESCA,33.37724,-111.91532,"Developed, medium intensity","Developed, medium intensity","Developed, medium intensity",False,23,23,23,23,"Developed, medium intensity",23,"Developed, medium intensity",23,"Developed, medium intensity",23,"Developed, medium intensity",23,"Developed, medium intensity",23,"Developed, medium intensity"
Z-23,2000-08-25,2025-05-02,Sampled to study end,ESCA,33.21929,-111.87161,"Developed, medium intensity","Developed, medium intensity","Developed, medium intensity",False,23,23,23,23,"Developed, medium intensity",23,"Developed, medium intensity",23,"Developed, medium intensity",23,"Developed, medium intensity",23,"Developed, medium intensity",23,"Developed, medium intensity"
NDV-C,2004-01-07,2016-05-05,Retired early,NDV,33.31217213,-111.67760412,"Developed, open space","Developed, open space","Developed, open space",False,21,21,21,21,"Developed, open space",21,"Developed, open space",21,"Developed, open space",21,"Developed, open space",21,"Developed, open space",21,"Developed, open space"
NDV-M,2003-10-12,2016-05-05,Retired early,NDV,33.3107187,-111.68083778,"Developed, low intensity","Developed, low intensity","Developed, low intensity",False,22,22,22,22,"Developed, low intensity",22,"Developed, low intensity",22,"Developed, low intensity",22,"Developed, low intensity",22,"Developed, low intensity",22,"Developed, low intensity"
NDV-N,2003-10-12,2016-05-05,Retired early,NDV,33.31423902,-111.6808283,"Developed, open space","Developed, open space","Developed, open space",False,21,21,21,21,"Developed, open space",21,"Developed, open space",21,"Developed, open space",21,"Developed, open space",21,"Developed, open space",21,"Developed, open space"
NDV-O,2003-10-12,2016-05-05,Retired early,NDV,33.31160861,-111.67849193,"Developed, open space","Developed, open space","Developed, open space",False,21,21,21,21,"Developed, open space",21,"Developed, open space",21,"Developed, open space",21,"Developed, open space",21,"Developed, open space",21,"Developed, open space"
NDV-X,2003-10-12,2016-05-05,Retired early,NDV,33.31232878,-111.6809102,"Developed, open space","Developed, open space","Developed, open space",False,21,21,21,21,"Developed, open space",21,"Developed, open space",21,"Developed, open space",21,"Developed, open space",21,"Developed, open space",21,"Developed, open space"
7-11A,2016-12-29,2025-04-02,Sampled to study end,PASS,33.43214,-112.08593,"Developed, medium intensity","Developed, medium intensity","Developed, medium intensity",False,23,23,23,23,"Developed, medium intensity",23,"Developed, medium intensity",23,"Developed, medium intensity",23,"Developed, medium intensity",23,"Developed, medium intensity",23,"Developed, medium intensity"
7-11B,2016-12-29,2025-04-02,Sampled to study end,PASS,33.43461,-112.08698,"Developed, high intensity","Developed, high intensity","Developed, high intensity",False,24,24,24,24,"Developed, high intensity",24,"Developed, high intensity",24,"Developed, high intensity",24,"Developed, high intensity",24,"Developed, high intensity",24,"Developed, high intensity"
7-11C,2016-12-29,2025-04-02,Sampled to study end,PASS,33.4358,-112.0923,"Developed, low intensity","Developed, medium intensity","Developed, medium intensity",True,22,23,23,22,"Developed, low intensity",22,"Developed, low intensity",22,"Developed, low intensity",22,"Developed, low intensity",22,"Developed, low intensity",23,"Developed, medium intensity"
AA-9,2016-12-20,2025-04-23,Sampled to study end,PASS,33.7227922235445,-111.831559366856,"Developed, low intensity","Developed, low intensity","Developed, low intensity",False,22,22,22,22,"Developed, low intensity",22,"Developed, low intensity",22,"Developed, low intensity",22,"Developed, low intensity",22,"Developed, low intensity",22,"Developed, low intensity"
AA-9B,2016-12-20,2025-04-23,Sampled to study end,PASS,33.65827,-111.88552,"Developed, low intensity","Developed, low intensity","Developed, low intensity",False,22,22,22,22,"Developed, low intensity",22,"Developed, low intensity",22,"Developed, low intensity",22,"Developed, low intensity",22,"Developed, low intensity",22,"Developed, low intensity"
AA-9C,2016-12-20,2025-04-23,Sampled to study end,PASS,33.66616,-111.88956,"Developed, open space","Developed, open space","Developed, open space",False,21,21,21,21,"Developed, open space",21,"Developed, open space",21,"Developed, open space",21,"Developed, open space",21,"Developed, open space",21,"Developed, open space"
IBWA,2016-12-28,2025-04-25,Sampled to study end,PASS,33.47343,-111.91157,"Developed, medium intensity","Developed, medium intensity","Developed, medium intensity",False,23,23,23,23,"Developed, medium intensity",23,"Developed, medium intensity",23,"Developed, medium intensity",23,"Developed, medium intensity",23,"Developed, medium intensity",23,"Developed, medium intensity"
IBWB,2016-12-28,2025-04-25,Sampled to study end,PASS,33.47124,-111.91148,"Developed, medium intensity","Developed, medium intensity","Developed, medium intensity",False,23,23,23,23,"Developed, medium intensity",23,"Developed, medium intensity",23,"Developed, medium intensity",23,"Developed, medium intensity",23,"Developed, medium intensity",23,"Developed, medium intensity"
IBWC,2016-12-28,2025-04-25,Sampled to study end,PASS,33.4696,-111.91415,"Developed, low intensity","Developed, low intensity","Developed, low intensity",False,22,22,22,22,"Developed, low intensity",22,"Developed, low intensity",22,"Developed, low intensity",22,"Developed, low intensity",22,"Developed, low intensity",22,"Developed, low intensity"
PWRA,2017-01-24,2025-04-30,Sampled to study end,PASS,33.20731,-111.70968,"Developed, open space","Developed, open space","Developed, open space",False,21,21,21,21,"Developed, open space",21,"Developed, open space",21,"Developed, open space",21,"Developed, open space",21,"Developed, open space",21,"Developed, open space"
PWRB,2017-01-24,2025-04-30,Sampled to study end,PASS,33.24183,-111.71894,"Developed, high intensity","Developed, high intensity","Developed, high intensity",True,24,24,24,52,Shrub/scrub,52,Shrub/scrub,24,"Developed, high intensity",24,"Developed, high intensity",24,"Developed, high intensity",24,"Developed, high intensity"
PWRC,2017-01-24,2025-04-30,Sampled to study end,PASS,33.25643,-111.75764,"Developed, open space","Developed, open space","Developed, open space",True,21,21,21,82,Cultivated crops,21,"Developed, open space",21,"Developed, open space",21,"Developed, open space",21,"Developed, open space",21,"Developed, open space"
Q-15,2016-12-21,2025-04-03,Sampled to study end,PASS,33.5063944266923,-112.256579389108,"Developed, low intensity","Developed, low intensity","Developed, low intensity",False,22,22,22,22,"Developed, low intensity",22,"Developed, low intensity",22,"Developed, low intensity",22,"Developed, low intensity",22,"Developed, low intensity",22,"Developed, low intensity"
Q-15B,2016-12-21,2025-04-03,Sampled to study end,PASS,33.50165,-112.266,"Developed, low intensity","Developed, low intensity","Developed, low intensity",True,22,22,22,52,Shrub/scrub,22,"Developed, low intensity",22,"Developed, low intensity",22,"Developed, low intensity",22,"Developed, low intensity",22,"Developed, low intensity"
Q-15C,2016-12-21,2025-04-03,Sampled to study end,PASS,33.49738,-112.25745,"Developed, medium intensity","Developed, medium intensity","Developed, medium intensity",True,23,23,23,52,Shrub/scrub,23,"Developed, medium intensity",23,"Developed, medium intensity",23,"Developed, medium intensity",23,"Developed, medium intensity",23,"Developed, medium intensity"
R-18,2016-12-23,2025-04-12,Sampled to study end,PASS,33.418739777382,-112.198706101637,"Developed, low intensity","Developed, low intensity","Developed, low intensity",True,22,22,22,52,Shrub/scrub,22,"Developed, low intensity",22,"Developed, low intensity",22,"Developed, low intensity",22,"Developed, low intensity",22,"Developed, low intensity"
R-18B,2016-12-23,2025-04-12,Sampled to study end,PASS,33.41015,-112.21421,"Developed, low intensity","Developed, low intensity","Developed, low intensity",True,22,22,22,82,Cultivated crops,52,Shrub/scrub,22,"Developed, low intensity",22,"Developed, low intensity",22,"Developed, low intensity",22,"Developed, low intensity"
R-18C,2016-12-23,2025-04-12,Sampled to study end,PASS,33.39753,-112.17001,"Developed, low intensity","Developed, low intensity","Developed, low intensity",True,22,22,22,82,Cultivated crops,22,"Developed, low intensity",22,"Developed, low intensity",22,"Developed, low intensity",22,"Developed, low intensity",22,"Developed, low intensity"
TRSA,2016-12-21,2025-04-07,Sampled to study end,PASS,33.43389,-112.24509,"Developed, medium intensity","Developed, medium intensity","Developed, medium intensity",True,23,23,23,52,Shrub/scrub,23,"Developed, medium intensity",23,"Developed, medium intensity",23,"Developed, medium intensity",23,"Developed, medium intensity",23,"Developed, medium intensity"
TRSB,2016-12-21,2025-04-07,Sampled to study end,PASS,33.42514,-112.28805,"Developed, low intensity","Developed, low intensity","Developed, low intensity",True,22,22,22,82,Cultivated crops,22,"Developed, low intensity",22,"Developed, low intensity",22,"Developed, low intensity",22,"Developed, low intensity",22,"Developed, low intensity"
TRSC,2016-12-21,2025-04-07,Sampled to study end,PASS,33.40209,-112.27385,"Developed, medium intensity","Developed, medium intensity","Developed, medium intensity",True,23,23,23,82,Cultivated crops,52,Shrub/scrub,23,"Developed, medium intensity",23,"Developed, medium intensity",23,"Developed, medium intensity",23,"Developed, medium intensity"
U-18,2017-01-04,2025-04-15,Sampled to study end,PASS,33.4012860120768,-112.09064820221,"Developed, low intensity","Developed, low intensity","Developed, low intensity",False,22,22,22,22,"Developed, low intensity",22,"Developed, low intensity",22,"Developed, low intensity",22,"Developed, low intensity",22,"Developed, low intensity",22,"Developed, low intensity"
U-18B,2017-01-04,2025-04-15,Sampled to study end,PASS,33.40558,-112.09829,"Developed, low intensity","Developed, low intensity","Developed, low intensity",False,22,22,22,22,"Developed, low intensity",22,"Developed, low intensity",22,"Developed, low intensity",22,"Developed, low intensity",22,"Developed, low intensity",22,"Developed, low intensity"
U-18C,2017-01-04,2025-04-15,Sampled to study end,PASS,33.40068,-112.09386,"Developed, low intensity","Developed, low intensity","Developed, low intensity",False,22,22,22,22,"Developed, low intensity",22,"Developed, low intensity",22,"Developed, low intensity",22,"Developed, low intensity",22,"Developed, low intensity",22,"Developed, low intensity"
U-21,2017-01-19,2025-04-29,Sampled to study end,PASS,33.31905,-112.0597,"Developed, medium intensity","Developed, medium intensity","Developed, medium intensity",False,23,23,23,23,"Developed, medium intensity",23,"Developed, medium intensity",23,"Developed, medium intensity",23,"Developed, medium intensity",23,"Developed, medium intensity",23,"Developed, medium intensity"
U-21B,2017-01-19,2025-04-29,Sampled to study end,PASS,33.3071,-112.08096,"Developed, medium intensity","Developed, medium intensity","Developed, medium intensity",False,23,23,23,23,"Developed, medium intensity",23,"Developed, medium intensity",23,"Developed, medium intensity",23,"Developed, medium intensity",23,"Developed, medium intensity",23,"Developed, medium intensity"
U-21C,2017-01-26,2025-04-29,Sampled to study end,PASS,33.30652,-112.04609,"Developed, low intensity","Developed, low intensity","Developed, low intensity",False,22,22,22,22,"Developed, low intensity",22,"Developed, low intensity",22,"Developed, low intensity",22,"Developed, low intensity",22,"Developed, low intensity",22,"Developed, low intensity"
V-14B,2016-12-30,2025-04-04,Sampled to study end,PASS,33.54785,-112.05521,"Developed, medium intensity","Developed, medium intensity","Developed, medium intensity",False,23,23,23,23,"Developed, medium intensity",23,"Developed, medium intensity",23,"Developed, medium intensity",23,"Developed, medium intensity",23,"Developed, medium intensity",23,"Developed, medium intensity"
V-14C,2016-12-30,2025-04-04,Sampled to study end,PASS,33.54601,-112.05283,"Developed, high intensity","Developed, high intensity","Developed, high intensity",False,24,24,24,24,"Developed, high intensity",24,"Developed, high intensity",24,"Developed, high intensity",24,"Developed, high intensity",24,"Developed, high intensity",24,"Developed, high intensity"
W-15B,2016-12-21,2025-04-24,Sampled to study end,PASS,33.51892,-111.99351,"Developed, low intensity","Developed, low intensity","Developed, low intensity",False,22,22,22,22,"Developed, low intensity",22,"Developed, low intensity",22,"Developed, low intensity",22,"Developed, low intensity",22,"Developed, low intensity",22,"Developed, low intensity"
W-15C,2016-12-21,2025-04-24,Sampled to study end,PASS,33.52015,-111.97997,"Developed, open space","Developed, open space","Developed, open space",False,21,21,21,21,"Developed, open space",21,"Developed, open space",21,"Developed, open space",21,"Developed, open space",21,"Developed, open space",21,"Developed, open space"
X-17,2016-12-28,2025-04-25,Sampled to study end,PASS,33.4255927446935,-111.959822,"Developed, medium intensity","Developed, medium intensity","Developed, medium intensity",False,23,23,23,23,"Developed, medium intensity",23,"Developed, medium intensity",23,"Developed, medium intensity",23,"Developed, medium intensity",23,"Developed, medium intensity",23,"Developed, medium intensity"
X-17B,2016-12-28,2025-04-25,Sampled to study end,PASS,33.42544,-111.95321,"Developed, medium intensity","Developed, medium intensity","Developed, medium intensity",False,23,23,23,23,"Developed, medium intensity",23,"Developed, medium intensity",23,"Developed, medium intensity",23,"Developed, medium intensity",23,"Developed, medium intensity",23,"Developed, medium intensity"
X-17C,2016-12-28,2025-04-25,Sampled to study end,PASS,33.42789,-111.9551,"Developed, medium intensity","Developed, medium intensity","Developed, medium intensity",False,23,23,23,23,"Developed, medium intensity",23,"Developed, medium intensity",23,"Developed, medium intensity",23,"Developed, medium intensity",23,"Developed, medium intensity",23,"Developed, medium intensity"
Ave35_dwn_B1,2013-01-09,2025-04-11,Sampled to study end,SRBP,33.4119545761495,-112.134755216538,Shrub/scrub,Shrub/scrub,Shrub/scrub,False,52,52,52,52,Shrub/scrub,52,Shrub/scrub,52,Shrub/scrub,52,Shrub/scrub,52,Shrub/scrub,52,Shrub/scrub
Ave67_dwn_B1,2016-04-05,2025-04-11,Sampled to study end,SRBP,33.39764256,-112.20402578,Shrub/scrub,Shrub/scrub,Shrub/scrub,False,52,52,52,52,Shrub/scrub,52,Shrub/scrub,52,Shrub/scrub,52,Shrub/scrub,52,Shrub/scrub,52,Shrub/scrub
Ave67_mid_B1,2013-04-11,2016-01-20,Retired early,SRBP,33.39613692,-112.20127241,Shrub/scrub,Shrub/scrub,Shrub/scrub,False,52,52,52,52,Shrub/scrub,52,Shrub/scrub,52,Shrub/scrub,52,Shrub/scrub,52,Shrub/scrub,52,Shrub/scrub
BM_mid_B2,2013-01-09,2025-04-11,Sampled to study end,SRBP,33.38249101,-112.30335401,Woody wetlands,Woody wetlands,Woody wetlands,False,90,90,90,90,Woody wetlands,90,Woody wetlands,90,Woody wetlands,90,Woody wetlands,90,Woody wetlands,90,Woody wetlands
Price_up_B1,2013-01-10,2025-04-24,Sampled to study end,SRBP,33.43850191,-111.88609801,Cultivated crops,Cultivated crops,Cultivated crops,False,82,82,82,82,Cultivated crops,82,Cultivated crops,82,Cultivated crops,82,Cultivated crops,82,Cultivated crops,82,Cultivated crops
Priest_dwn_B1,2013-01-10,2025-04-24,Sampled to study end,SRBP,33.43576689,-111.96029671,Shrub/scrub,Shrub/scrub,Shrub/scrub,False,52,52,52,52,Shrub/scrub,52,Shrub/scrub,52,Shrub/scrub,52,Shrub/scrub,52,Shrub/scrub,52,Shrub/scrub
Rio_mid_B2,2013-01-10,2025-04-24,Sampled to study end,SRBP,33.42176526,-112.07501513,Shrub/scrub,Shrub/scrub,Shrub/scrub,False,52,52,52,52,Shrub/scrub,52,Shrub/scrub,52,Shrub/scrub,52,Shrub/scrub,52,Shrub/scrub,52,Shrub/scrub
Tonto_up_B1,2013-01-21,2025-04-22,Sampled to study end,SRBP,33.5585114,-111.60882633,Woody wetlands,Woody wetlands,Woody wetlands,False,90,90,90,90,Woody wetlands,90,Woody wetlands,90,Woody wetlands,90,Woody wetlands,90,Woody wetlands,90,Woody wetlands
DBG,2016-12-21,2025-04-24,Sampled to study end,desert_fertilization,33.45716,-111.94313,Shrub/scrub,Shrub/scrub,Shrub/scrub,False,52,52,52,52,Shrub/scrub,52,Shrub/scrub,52,Shrub/scrub,52,Shrub/scrub,52,Shrub/scrub,52,Shrub/scrub
EMP,2018-01-06,2025-04-12,Sampled to study end,desert_fertilization,33.36277,-112.37363,Shrub/scrub,Shrub/scrub,Shrub/scrub,False,52,52,52,52,Shrub/scrub,52,Shrub/scrub,52,Shrub/scrub,52,Shrub/scrub,52,Shrub/scrub,52,Shrub/scrub
PWP,2016-12-30,2025-04-04,Sampled to study end,desert_fertilization,33.56412,-112.01406,Shrub/scrub,Shrub/scrub,Shrub/scrub,False,52,52,52,52,Shrub/scrub,52,Shrub/scrub,52,Shrub/scrub,52,Shrub/scrub,52,Shrub/scrub,52,Shrub/scrub
SMW,2017-01-04,2025-04-15,Sampled to study end,desert_fertilization,33.34228,-112.07801,Shrub/scrub,Shrub/scrub,Shrub/scrub,False,52,52,52,52,Shrub/scrub,52,Shrub/scrub,52,Shrub/scrub,52,Shrub/scrub,52,Shrub/scrub,52,Shrub/scrub
SRR,2017-01-18,2025-04-22,Sampled to study end,desert_fertilization,33.54671,-111.57948,Shrub/scrub,Shrub/scrub,Shrub/scrub,False,52,52,52,52,Shrub/scrub,52,Shrub/scrub,52,Shrub/scrub,52,Shrub/scrub,52,Shrub/scrub,52,Shrub/scrub
UMP,2017-01-18,2025-04-22,Sampled to study end,desert_fertilization,33.46646,-111.61554,Shrub/scrub,Shrub/scrub,Shrub/scrub,False,52,52,52,52,Shrub/scrub,52,Shrub/scrub,52,Shrub/scrub,52,Shrub/scrub,52,Shrub/scrub,52,Shrub/scrub
WTM,2016-12-21,2025-04-03,Sampled to study end,desert_fertilization,33.60488,-112.49995,Shrub/scrub,Shrub/scrub,Shrub/scrub,False,52,52,52,52,Shrub/scrub,52,Shrub/scrub,52,Shrub/scrub,52,Shrub/scrub,52,Shrub/scrub,52,Shrub/scrub
EE-15A,2000-11-14,2016-05-09,Retired early,riparian,33.3844927,-111.94664729,Shrub/scrub,Shrub/scrub,Shrub/scrub,False,52,52,52,52,Shrub/scrub,52,Shrub/scrub,52,Shrub/scrub,52,Shrub/scrub,52,Shrub/scrub,52,Shrub/scrub
EE-6A,2000-10-18,2016-04-21,Retired early,riparian,33.61083702,-112.25106619,Cultivated crops,Cultivated crops,Cultivated crops,False,82,82,82,82,Cultivated crops,82,Cultivated crops,82,Cultivated crops,82,Cultivated crops,82,Cultivated crops,82,Cultivated crops
EE-7C,2000-10-07,2016-05-02,Retired early,riparian,33.60987126,-112.10832196,"Developed, low intensity","Developed, low intensity","Developed, low intensity",False,22,22,22,22,"Developed, low intensity",22,"Developed, low intensity",22,"Developed, low intensity",22,"Developed, low intensity",22,"Developed, low intensity",22,"Developed, low intensity"
EN-4B,2000-11-16,2016-04-04,Retired early,riparian,33.73959387,-112.68089849,Shrub/scrub,Shrub/scrub,Shrub/scrub,False,52,52,52,52,Shrub/scrub,52,Shrub/scrub,52,Shrub/scrub,52,Shrub/scrub,52,Shrub/scrub,52,Shrub/scrub
EN-7B,2000-11-10,2016-05-04,Retired early,riparian,33.81620287,-111.97260135,Shrub/scrub,Shrub/scrub,Shrub/scrub,False,52,52,52,52,Shrub/scrub,52,Shrub/scrub,52,Shrub/scrub,52,Shrub/scrub,52,Shrub/scrub,52,Shrub/scrub
PE-10B,2000-10-30,2016-05-05,Retired early,riparian,33.38940105,-112.25664033,Woody wetlands,Woody wetlands,Woody wetlands,False,90,90,90,90,Woody wetlands,90,Woody wetlands,90,Woody wetlands,90,Woody wetlands,90,Woody wetlands,90,Woody wetlands
PE-11A,2000-11-02,2016-05-12,Retired early,riparian,33.362931,-111.7351686,"Developed, low intensity","Developed, low intensity","Developed, low intensity",False,22,22,22,22,"Developed, low intensity",22,"Developed, low intensity",22,"Developed, low intensity",22,"Developed, low intensity",22,"Developed, low intensity",22,"Developed, low intensity"
PE-13A,2000-10-07,2016-04-20,Retired early,riparian,33.59830306,-112.06876055,Shrub/scrub,Shrub/scrub,Shrub/scrub,False,52,52,52,52,Shrub/scrub,52,Shrub/scrub,52,Shrub/scrub,52,Shrub/scrub,52,Shrub/scrub,52,Shrub/scrub
PE-1D,2000-11-01,2016-05-02,Retired early,riparian,33.43499182,-111.90406077,Open water,Open water,Open water,False,11,11,11,11,Open water,11,Open water,11,Open water,11,Open water,11,Open water,11,Open water
PN-1B,2000-11-02,2016-05-03,Retired early,riparian,33.54746413,-111.65684525,Open water,Open water,Open water,False,11,11,11,11,Open water,11,Open water,11,Open water,11,Open water,11,Open water,11,Open water
PN-2A,2001-05-05,2016-04-21,Retired early,riparian,33.63757429,-111.66807055,Woody wetlands,Woody wetlands,Woody wetlands,False,90,90,90,90,Woody wetlands,90,Woody wetlands,90,Woody wetlands,90,Woody wetlands,90,Woody wetlands,90,Woody wetlands
PN-7A,2000-11-10,2016-05-04,Retired early,riparian,33.88142221,-111.95861145,Shrub/scrub,Shrub/scrub,Shrub/scrub,False,52,52,52,52,Shrub/scrub,52,Shrub/scrub,52,Shrub/scrub,52,Shrub/scrub,52,Shrub/scrub,52,Shrub/scrub
